"Se fu√© el erudito Iglesias pero dej√≥ a su banda, basura comunista.","Gij√≥n, London , LA."
@ClaRosignoli Comunista col Rolex.,"Piacenza, Emilia Romagna"
@Junco_Ce @iarqsirius @Puer_Hispano ¬´Fascista¬ª o ¬´comunista¬ª se han convertido en insultos. No tiene nada que ver con esas doctrinas pol√≠ticas. El insulto no es una forma no-argumentativa sino una manera de mirar las sombras en la cueva y negarse a seguir indagando en la realidad. https://t.co/qhZxJuXdIg,Spexit
"@andres20ad El mayor dictador asesino, era un comunista. https://t.co/JDxaVrydML",
@JorgeZa79953991 @DinaErcilia @LuchoXBolivia Con esto quedas como tipica vende patria comunista,
"@PolitologoDeM Si webea y vive como buena, es comunista‚Ä¶ est√° en su ley la muy HDP. Mientras los peruanos serios pagamos impuestos para mantener a estas lacras en lugar que ese dinero vaya a los pobres y hacer obras. Ya saben pobres y pobres cojudos por quien no votar y ante quien marchar ???","Miraflores, Peru"
"Orcos celebrando a una antisocial 
T√≠pico de zurdo comunista https://t.co/4rmKfgro5r",En #LaMagiaDelSur
@danieljadue Como si fueran de mucha calidad el armamento comunista,"chile, maule, curic√≥"
"@delosquesobran Que tiene ver chile SDW, est√° claro en discurso lo que dijo gente de zona en su pa√≠s cuba no chile, programa culio tratado de defender una dictadura comunista que en la actualidad sigue una verg√ºenza de programa.","Curic√≥, Chile"
"@MariaFdaCabal Definitivamente ,El guerrillero psicopata Comunista es muy BESTIA .Muchos libros y peliculas de FANTASIA .Ademas con desordenes MENTALES ,Este NEFASTO personaje es una VERG√úENZA, como Presidente para COLOMBIA .",
"@ClaudiaDides Y Boric es perfecto, √∫nico e inigualable jajajajajajaja vieja comunista care raja","Santiago, Chile"
"@Amarillos_Chile El clima en el q surge amarillos era muy dif√≠cil. El pa√≠s polarizado, la gente decepcionada de su sector pol√≠tico tanto de centro izquierda como de centro derecha y la violencia tom√°ndose de los espacios p√∫blicos. Gracias x las alertas q nos salvaron de 1 Constituci√≥n comunista.","Providencia, Chile"
"@UJCdeCuba @aylinalvarezG @DrRobertoMOjeda @ArzuagaReyes @mirthiajulia @SunielSosa @PartidoPCC @Grecia_Jpsuv Sigan jugando a que es üÜí ser comunista, no lo es y es ilegal en muchos pa√≠ses por que detr√°s de ustedes o tontos o oportunistas,est√°n los capos los gordos del pcc,traficantes del miedo y la sedici√≥n.el comunismo es la f√≥rmula maligna para destruir la familia y las naciones",
"@petrogustavo Ustedes no piensan solo repiten la receta comunista del foro de S√£o Paulo y el grupo de puebla, que repiten la receta castrochavista de miseria y destrucci√≥n de los Castro y Ch√°vez","√úT: 10.491527,-66.853277"
"@DavidVargasA18 Z√ÅNGANO, PAR√ÅSITO Y LIMOSNERO, SOLO ERES UN COMUNISTA GUEVON Y MANTENIDO",
"@colomba_huacha Una empresa estatal, siendo una empresa estatal.... Ahora entiendes por qu√© el estatismo comunista nunca ha podido funcionar??",
"@birdmancr @ludimonter @rherediano @RodrigoChavesR La nueva raza progobierno poco sabe de das cosas. Para ellos todo el que le critique algo a su dios Rodrigo, es comunista o de izquierda ü§£.",
"@josecarlosvc20 @sigridbazan ¬øAhora resulta que si eres ‚Äúbruta, corrupta, eres parte de la clase alta y la pintas de comunista‚Äù es culpa del machismo?",
"Con la presencia del Primer Secretario del Partido Comunista de Cuba y Presidente de la Rep√∫blica Miguel D√≠az Canel Berm√∫dez, inicia el Congreso #Pedagog√≠a2023. La actividad inaugural estuvo dedicada al eterno Ministro de Educaci√≥n #Jos√©Ram√≥nFern√°ndez #GobiernoHolgu√≠n https://t.co/O8N5MDo5WD",Holgu√≠n Cuba
"@MVTARDE ¬ø efectos indeseados ? 
estos Mierdas 
son la Basura Humana Comunista Golpista Separata 
que ha rebajado las Penas de c√°rcel a 
Golpistas 
Etarras 
Malversadores Corruptos 
Violadores 
Pederastas 
Solo un Idiota Votar√° a los Progres 
un Idiota que Crea las Tele Pocilgas Progres",
@andres20ad Maduro comunista,Chile
"@RoblesBarrantes Un comunista hablando de democracia, de verdad que estos chancletudos son bien care'barros! ü§£ü§£ü§£ü§£",
"@soyconservador es una BACRIM, son vagabundas en busca de que el cliente principal les pague m√°s por sus servicios (entregar el pa√≠s al gobierno comunista corrupto);

S√≥lo miden cu√°nto m√°s les pueden dar, y se quedar√°n callados aprobando lo que sea https://t.co/6n5dQrFy9Y",                   America.
@ivanmoreirab @joseantoniokast @GabrielBoric @DipRepublicanos Con que  moral  tu ivan  moreira  opinas de eso  si tu y tus amigos  son yuntas  con el partido comunista y el frente amplio  a si que no opines webadas,
"@trebuqueroA24 Tiene raz√≥n Morales, Javier ya ataca m√°s a JXC que al peronismo, los acusa de ser peores y busca presentarse s√≥lo pese a sus pocas chances de ganar y que eso divide el voto opositor, enga√±a con afirmaciones delirantes como cuando acusa a HRL de comunista etc.
Es un peronista m√°s",
@NicolasLucar Estaras feliz despu√©s de apoyar a castillo y entregarle una radio a puro comunista,
"@omarzev @sigridbazan una azuzadora de porquer√≠a,tuca pituca, en busca de fama y poder. Elegida solo por jeropas. La pega de comunista, cuando solo quiere lujos, billete y placer.",Peru
"@PabloIglesias Tienes raz√≥n, solo habl√°is los fascistas
En este caso fascista de izquierdas
Dictador comunista",
@IzquierdaPe Porque son tan pomposos y no ponen..‚Äùla pro comunista santisteban lanza su libro rojo para limpiar ventanas‚Äù ven facilito no m√°s!,"Miraflores, Peru"
@PamJiles hola abuela te quiero contar que nunca te soporte porque seg√∫n yo vendr√≠as humo y los giles compraban. Pero el tiempo te fue cambiando dese√© que soltaste al Dictador y te dedicaste al pueblo Hoy veo a una comunista consecuente. Que cumple lo que habla,
"@bordercolapse Es lo m√°s izquierda que puedas imaginarte, comunista y progre...

Dios no castiga dos veces, el hombre s√≠.",
"@PTV_Noticias VLADIMIR CERRON POSTULARA A LA PORTERIA NOMAS, QUIEN CO√ëO APOYARIA A ESE CORRUPTO Y LOCO COMUNISTA",
"@barrycadiz @RobinLawley2 Mira, si ser comunista es legal y pensar diferente es democracia y un derecho y libertad de expresi√≥n y pensamiento, si terroristas y ideologias totalitarias criminales comunista con 150.000.000 de v√≠ctimas es legal y est√° bien, si meterse un crucifijo en el c.. es ok... ¬øpuedo? https://t.co/wdrGsN9c6N",
"@GuilleBermejoR Entiendo susel!!
Las FFAA no avalaran otro golpe de estado.
Si dina renuncia sigue willian sino te gusta pues tendras que aguantarte, eso es el estado de derecho.
Quieres asamblea const. Ps vete a cuba y venezuela!!
Nacionalizate y disfruta alli del paraiso comunista.",
"#LEGIONPATRIOTACHILE
@Carabdechile
NO SIGAS ORDENES  DE GOBIERNO COMUNISTA NO AZOTES AL PUEBLO QUE TE APOYA NO SEAS PACO KLO NO SEAS IMB√âCIL NO SEAS COMUNISTA PAYASO DE LOS MARXISTAS
¬°Echa un vistazo al v√≠deo de Charly STG43! #TikTok https://t.co/EjOGLjsrWn",
"@EmmaRincon y esta lacra no es ni fascista ni comunista, es solo un patriota tonto",merlucity
"@diegolazoh @sigridbazan Sigrid una azuzadora de porquer√≠a,tuca pituca, en busca de fama y poder. Elegida solo por jeropas. La pega de comunista, cuando solo quiere lujos, billete y placer.",Peru
"@frankedgarbass Los cajas de resonancia que repiten sin descanso lo que sus ""l√≠deres"" opinan, caviar, rojo, filoterrorista, terruco, comunista ni lo uno ni lo otro, si despojaran a todos de su traje de pol√≠ticos, Sagasti los revuelca, una persona decente, pero la decencia es anatema para ellos.","Paita, Peru"
@WaykaPeru A que pueblo? El comunista facil,
"@justicierope Hay que unir como un pueblo luchador y no ser un pobre comunista que quiere ver un pueblo en desgracia, pedimos a los empresarios que se sumen a esta iniciativa de apoyo a las fuerzas armadas por un pa√≠s libre y trabajos para todos #TerrorismoNuncaMasPeru",LIMA/PERU
"@diliarlozano Dale,a putearlo juntos al guerrillero comunista üí™üí™",en un lugar de Argentina
@mjpenamartinez Comunista con iPhone jajajajajaja https://t.co/Zm1ipHbMQR,
"@Luigi66518686 @yopuedoelegir Jajjaja, ahora hacer esor es comunista, Pucha, denme los taper que les dan para alucinar esto...",
"@Pebre__ @candoccalex @Leftinformed @andresmancinie Sus tablas de factores de riesgo eran anticonstitucionales amigo, solo siguieron un dictamen de contralor√≠a. Si hicieron mal el negocio, es culpa de ellos ya que despu√©s de recibir m√°s de 1500 millones de d√≥lares de ganancias, no guardaron plata para vacas flacas y como comunista",
"Excelente descripci√≥n del perfil de un comunista, aplicable perfectamente al de un castro chavista.  Son lo mismo. https://t.co/JhmdvkqpPq",
@OxGeneral21 @Burning_Myn fue una especie de caza de brujas contra comunistas que hubo en estados unidos durante la guerra fr√≠a contra gente acusada de traicion y esas cosas por ser comunistas (aunque consideraban cualquier cosa comunista en esa epoca as√≠ que te imaginas la valides de las acusaciones),
@SARGENTOCHALA @petrogustavo Tu votaste por una dictadura comunista eso lo sabe cualquiera,
@MyWorldOfDjs Vamos a ver la bandera Republicana y la comunista no son compatibles una vez que naci√≥ el Frente Popular se cargaron la Rep√∫blica.A las mierda las dos banderas y los portadores.,utopia
"@MVDNoticias @montevideoIM Incluyan a don Julio Toyos, poeta del partido comunista.",
"@otramirpolitica Es una azuzadora de porquer√≠a,tuca pituca, en busca de fama y poder. Elegida solo por jeropas. La pega de comunista, cuando solo quiere lujos, billete y placer.",Peru
@javierpadillab Va a venir un manirroto comunista a gestionar mejor. Todo lo que toca la izquierda lo arruina.,"Madrid, Comunidad de Madrid"
"TODOS A LA CALLE EL15 DE FEBRERO CONTRA LA TIRAN√çA COMUNISTA, POR UNA COLOMBIA LIBRE DE COMUNISMO A LA CALLE EL15DEVFEBRERO https://t.co/1lWnqwzayo",Bogot√°
@SecreducMaule @VoceriaMaule @subeduc @DPRMaule @DPPCurico @DPPLinares Cu√°l ser√° la asesor√≠a la del modelo ideologizador comunista fracasado q atenta contra la educaci√≥n de c√°lida q prometieron en campa√±a pues sabemos q las acciones tomadas son insuficientes para lo med de 50.000 ni√±os y j√≥venes q est√°n por fuera de las aulas #SiNoVanNoAprenden,
@mjpenamartinez Por lo visto eres comunista.. jaja ... Se nota por lo finita y educada.... Tus padres deben estar orgullosos de ti jajaja,
"@afigueredo88 Vean en accion y frente a las camaras al pervertido JoeBaiden, el Presidente Comunista que protege a los profugos.
Los medio vendidos a GeorgeSoros jamas publicaran esto. https://t.co/7j9r148sga",
"@SiemprexlaIzqui @LilianOrostica Me ha pasado lo mismo, que a veces me han tratando de comunista como si fuera un insulto y para m√≠ es todo un honor https://t.co/m3ctiD7WnV","Puente Alto, Chile"
@SoyUnCocodriloS Estudia no seas comunista !!!!,Bolivia
Voten a esa basura comunista del @congresoperu carajo!!! Esas ratas izquierdistas de la IZQUIERDA PAR√ÅSITA. No deben de existir.. https://t.co/BD4H07eDtF,
"@FlorenciaLagosN Todav√≠a no aprenden que no es asesinato cuando la polic√≠a se defiende de lincuentes que la ataca. Los menores son llevados por la izquierda como escudos, es una antigua t√©cnica comunista.",
"@Rickytucs @agustinromm Ricky cuando quieras te mando calcos m√≠as as√≠ no me extra√±as
No soy comunista, soy peronista",
Oye que le ponen color con gente de zona si despu√©s no votan por jadue por que es comunista,
Sabemos ya quienes van a dimitir por la burrada comunista de la ley del s√≠ es s√≠?,
"@HernanFunes @MonicaFein @JSchiaretti @Cadena3_Rosario @MonicaFein la intendente m√°s nefasta q tuvo la ciudad de #Rosario con ventaja,  es vergonzoso q est√° mamarracho siga viviendo de la pol√≠tica,  si hasta el in√∫til comunista de @pablojavkin tiene mejores cosas, como por ejemplo q este ser√° su √∫nico y √∫ltimo gobierno,  in√∫til.","Malvinas Argentinas, Argentina"
"¬øUn comunista como Juan Rejano escribiendo en una C√≥rdoba bajo dominio franquista y en un peri√≥dico republicano? 
Leonardo Velasco te lo cuenta en El Pont√≥n n¬∫ 402, enero 2023. https://t.co/gI9vEQcziS",Puente Genil
"@RonaldB74512761 @delosquesobran Indique fuentes de esa informaci√≥n que no sea El Mercurio,que ya sabemos que invent√≥ ataques extremistas
Como ud no quiere entender, le repito, no me refer√≠ a grupos extremistas,  como el MIR o FPMR, me refer√≠ expresa% al partido partido comunista. No es tan dif√≠cil de entender",
otro comunista Burgues ...... https://t.co/Oa8wgrNYMn https://t.co/2700Mm4Bgf,Putahuel si putahuel y qu√© ?
@pablomackenna @rodhin1892 S√°cate el aj√≠ del orto comunista reculiao! Jajaja te pago los pasajes a Cuba pa que vivas con el Pueulo,
"@Juan77227278 @MaxLesnick Un cura comunista para que lo prepare para su viaje final,centro de la tierra""centro nocturno donde los desalmados lidian con su condena,que dios no lo perdone",
"@okdiario con el capital que ha afanado la camarilla comunista, se puede pirar y√†, nefasto traidor",
"@CasanalAmor Los taxistas = comunistas
Los universitarios = comunistas
Los m√©dicos = comunistas
Los trabajadores de Zara= comunistas
Si defiendes la Sanidad Publica =comunista",
"Los arribistas dec√≠an: Una mujer va gobernar a los 200 a√±os de nuestra Independencia. Pues ahora esa mujer comunista, no sabe gobernar, no tiene idea como llego al cargo, est√° demostrando q no est√° preparadas para tomar decisiones dif√≠ciles. Permite ataques a la Polic√≠a. No m√°s https://t.co/4XgkJHFuQ4",
"@reaccionarista Yo el primero,como dice una celebre frase, es muy f√°cil ser comunista en un pa√≠s libre,pero muy dif√≠cil ser libre en un pa√≠s comunista...","Siero, Espa√±a"
"@MonederoJC ¬°Viva la coalici√≥n PP Vox!. Monedero, comunista, ¬°Ya tardas en irte a otro Pa√≠s comunista!. All√≠ disfrutar√°s de la falta de libertad de expresi√≥n, partido √∫nico, y si llegas a gerifalte, vivir√°s de maravilla a costa de explotar al pueblo.",
"Que bien le va el nombre a ese Partido de desquiciados
VIOLENCIA  COMUNISTA https://t.co/jQFChpz9OH https://t.co/yV8uvKJ7t0",
@andresamengual es un  comunista por donde se mire!!,
@SilviaSanz_ No digo lo que pienso de esta comunista de m...... porque entonces me pondr√≠a a su nivel,
@PolloFarsantePe Esto se soluciona con SERVICIO MILITAR OBLIGATORIO. hay mucho vago comunista.,
@AdebaReborn Ya madur√≥ en el momento que dej√≥ de ser liberal que sea comunista es otro tema. Los liberales anarcocapitalistas son ni√±os rata de 10 a√±os,"Granada, Espa√±a"
"@PRYadi1 @condadofashion @RobiCamacho @SRCSandra Te repito, yo soy todo lo que quieras, pero eso no quita que tu seas un puerco y miserable comunista de mierda.","Puerto Rico, USA"
"@anticalumnia @Cachoescalona1 @ValdebenitoNata Se humill√≥ el ""Los premios Caleuuhe"" pidiendo, rogando, suplicando ""respeto""!!! Cuando ella jam√°s respet√≥, pero que satisfacci√≥n ver a una comunista triunfalista, muerta de miedo y sin dignidad!.paaabre!",
"üá¨üáß #RU #UE

#Noticias

üî´ 30/01/2023 Ucrania: Ex PM Reino Unido #Johnson dice advirti√≥ a Putin #guerra #Rusia ser√≠a ""cat√°strofe total"" y Putin amenaz√≥ al RU con atacarlo con misiles

Llamada antes invasi√≥n de Ucrania por Rusia #comunista dictador #Putin 

https://t.co/R5McFIzZmh",NEWS AGENCY-AGENCIA DE PRENSA 
"Mao Zedong se reir√≠a de ti ""comunista"" https://t.co/VjuhZ6m7bE https://t.co/hCFVKJuhwr",they/she
"Que pensaban o de plano nunca pensaron cuando votaron por este vividor de la pol√≠tica, por Boric y su manada de imbeciles comunista? https://t.co/AvaBdILgSP",M√®xico
"@josecarlosvc20 @sigridbazan Fuerza camarada @sigridbazan , usted siga por la revoluci√≥n comunista y la muerte de m√°s peruanos","Lima, Peru"
@MafeCarrascal Si hace lo que le ordenan desde el foro comunista de S√£o Paulo es la misma receta castrovista de destrucci√≥n cubana,"√úT: 10.491527,-66.853277"
@Valune_ @EduardoIIIChile @biobio Estamos totalmente de acuerdo que no hay comunista pobre!!,
@fernandeznorona Jajaja inche comunista mugroso si lo que menos respetas es a las mujeres por que con los hombres te sientas,
"@GuilleBermejoR Ustedes nunca fueron, ni ser√°n un partido !! C√≥mo dijo @CesarHildebran4 ustedes son una banda de delincuentes con formaci√≥n radical comunista para manipular al pueblo a sus intereses!! Manipulan y mienten solo para beneficiarse ustedes como lo hicieron sus modelos de liderazgo!! https://t.co/V1KIU5GSXv",
"@Jma274 Robar las tierras de mi abuelo, eso si es decente para ti, expropiar lo que otro suda , para d√°rselo a unos vagos resentidos eso es patriotismo para ti, para mi eso es amoral, que s√≥lo rateros hacen, el mejor comunista del mundo debe ser colgado, de un √°rbol, pobre soga",810 West 80 PL Hialeah FL 
"@jwilliamszapata No pueden ceder ante el chantaje comunista extremista , adelanto de elecciones nos hara terminar como Bolivia quien a la loca saco elecciones y al final Evo y sus comunistas volvieron al poder por que ellos tenian capturados los organos electorales, eso pasara aqui.",Australia
"Sigrid Bazan es una hiena carro√±era. busca aprovecharse de las muertes para promover su agenda pol√≠tica comunista. es momento de crear y fortalecer un movimiento llamado NO A SIGRID!!!
. https://t.co/73qKXPqvvG","San isidro, Peru"
"@okdiario Pero que no sea a Latam.

Que se vaya a disfrutar a alg√∫n para√≠so comunista este hijo de terrorista.",
"@DanteBobadilla Es comunista del hocico para afuera, pero gusta mucho de vivir bien, en lugares de lujo y ganar mucho dinero",
"@NoaGresiva O socialista o comunista, en esa l√≠nea.",
@AmericanoMedia Basura comunista,"Houston, TX"
@GuilleBermejoR NADIE QUIERE ESA BASURA DE ASAMBLEA CONSTITUYENTE ASI QUE METETELA POR EL CULO ASNO COMUNISTA Y VETE A CHUPARLE LA PESU√ëA A CERRON,
@JaimeColomaT Eres comunista no te gusta la verdad en tu cara tu presidente vale una hect√°rea de üçÑ,
"ESPA√ëA SERA"" REP√öBLICA QUE SANCHES JUNTO CON SUS SOCIOS DAR√Å EL SALTO CON UNA LEY EXPRESS ESPA√ëA REPUBLICA SOCIAL COMUNISTA. FIN DE LA DEMOCRACIA"" FIN DE MEMORIA Y LEYENDA DE FRANCIO Y DEMOLER TODA IDOLATR√çA CATOLICAS. 
¬ø""TANTO""? TIENE POR HACER S√ÅNCHEZ CON ESPA√ëA.",
"@KarenKoetje @proferemedio ¬øY sabes como distinguir a un comunista de uno que no lo es?
Dividir y ver el mundo en blanco y negro es f√°cil, distinguirlo en todos sus colores y matices requiere estudios que no tienes.",
"@mgdansky @Reng0o Existe hoy varios PC: el PCR, el PCCE y el PCdeA (Partido Comunista de Argentina) y estamos nosotros el Partido Comunista Argentino que no estamos en el FdT, todo lo contrario. Seguinos en @pcargentino","Mor√≥n, Argentina"
